{
    "rmse": 0.6892508214760723,
    "mae": 0.5312866660438477,
    "r2": 0.2446435857148469
}