{
    "rmse": 0.7372676924149756,
    "mae": 0.571781180825922,
    "r2": 0.25179502661865316
}